{
  "hippocampus": {
    "N": 130,
    "fms": [
      "biomedclip",
      "clip_vitl14",
      "convnext_tiny",
      "dinov2_vitb14",
      "dinov2_vits14",
      "efficientnet_b0",
      "resnet18",
      "resnet50"
    ],
    "rules": {
      "random": {
        "mean": 0.04338235975911548,
        "sd": 0.050289918777924394,
        "median": 0.02727272727272727,
        "n_valid": 100,
        "ci95": [
          0.0,
          0.18078703703703697
        ],
        "example_pools": [
          [
            "dinov2_vits14",
            "dinov2_vitb14",
            "efficientnet_b0",
            "biomedclip"
          ],
          [
            "resnet50",
            "dinov2_vits14",
            "efficientnet_b0",
            "biomedclip"
          ],
          [
            "dinov2_vits14",
            "dinov2_vitb14",
            "efficientnet_b0",
            "biomedclip"
          ]
        ]
      },
      "top4_dice": {
        "mean": 0.16139197766893063,
        "sd": 0.017022942954287145,
        "median": 0.1619047619047619,
        "n_valid": 100,
        "ci95": [
          0.12557645631067962,
          0.19047619047619047
        ],
        "example_pools": [
          [
            "biomedclip",
            "dinov2_vitb14",
            "dinov2_vits14",
            "efficientnet_b0"
          ],
          [
            "dinov2_vitb14",
            "biomedclip",
            "dinov2_vits14",
            "convnext_tiny"
          ],
          [
            "biomedclip",
            "dinov2_vitb14",
            "dinov2_vits14",
            "convnext_tiny"
          ]
        ]
      },
      "max_meff": {
        "mean": 0.011181818181818182,
        "sd": 0.01141660382842492,
        "median": 0.00909090909090909,
        "n_valid": 100,
        "ci95": [
          0.0,
          0.05499999999999984
        ],
        "example_pools": [
          [
            "clip_vitl14",
            "convnext_tiny",
            "efficientnet_b0",
            "resnet18"
          ],
          [
            "clip_vitl14",
            "convnext_tiny",
            "dinov2_vitb14",
            "dinov2_vits14"
          ],
          [
            "clip_vitl14",
            "dinov2_vitb14",
            "resnet18",
            "resnet50"
          ]
        ]
      },
      "quality_gated_meff": {
        "mean": 0.015783152627189326,
        "sd": 0.013872788155751152,
        "median": 0.009174311926605505,
        "n_valid": 100,
        "ci95": [
          0.0,
          0.06032110091743096
        ],
        "example_pools": [
          [
            "convnext_tiny",
            "dinov2_vitb14",
            "efficientnet_b0",
            "resnet18"
          ],
          [
            "convnext_tiny",
            "dinov2_vits14",
            "resnet18",
            "resnet50"
          ],
          [
            "convnext_tiny",
            "dinov2_vits14",
            "efficientnet_b0",
            "resnet50"
          ]
        ]
      },
      "diverse_arch": {
        "mean": 0.09569595032897787,
        "sd": 0.016911632039199768,
        "median": 0.10091743119266056,
        "n_valid": 100,
        "ci95": [
          0.06363636363636363,
          0.12037037037037036
        ],
        "example_pools": [
          [
            "biomedclip",
            "dinov2_vitb14",
            "convnext_tiny",
            "efficientnet_b0"
          ],
          [
            "biomedclip",
            "dinov2_vitb14",
            "convnext_tiny",
            "efficientnet_b0"
          ],
          [
            "biomedclip",
            "dinov2_vitb14",
            "efficientnet_b0",
            "convnext_tiny"
          ]
        ]
      }
    }
  },
  "isic2018": {
    "N": 200,
    "fms": [
      "biomedclip",
      "clip_vitl14",
      "convnext_tiny",
      "dinov2_vitb14",
      "dinov2_vits14",
      "efficientnet_b0",
      "resnet18",
      "resnet50"
    ],
    "rules": {
      "random": {
        "mean": 0.3776713661941682,
        "sd": 0.12484873280851601,
        "median": 0.3767268373549456,
        "n_valid": 100,
        "ci95": [
          0.19045100746971313,
          0.6620232040686584
        ],
        "example_pools": [
          [
            "clip_vitl14",
            "dinov2_vits14",
            "convnext_tiny",
            "resnet50"
          ],
          [
            "dinov2_vitb14",
            "resnet50",
            "resnet18",
            "efficientnet_b0"
          ],
          [
            "efficientnet_b0",
            "resnet50",
            "dinov2_vits14",
            "dinov2_vitb14"
          ]
        ]
      },
      "top4_dice": {
        "mean": 0.5805394161931826,
        "sd": 0.029659217186367024,
        "median": 0.5714285714285714,
        "n_valid": 100,
        "ci95": [
          0.5421423384168482,
          0.6504854368932039
        ],
        "example_pools": [
          [
            "dinov2_vits14",
            "dinov2_vitb14",
            "biomedclip",
            "resnet50"
          ],
          [
            "biomedclip",
            "dinov2_vits14",
            "dinov2_vitb14",
            "efficientnet_b0"
          ],
          [
            "dinov2_vits14",
            "dinov2_vitb14",
            "biomedclip",
            "efficientnet_b0"
          ]
        ]
      },
      "max_meff": {
        "mean": 0.3269590203185939,
        "sd": 0.10010912623456471,
        "median": 0.3202247191011236,
        "n_valid": 100,
        "ci95": [
          0.20786516853932585,
          0.5636118259996231
        ],
        "example_pools": [
          [
            "biomedclip",
            "clip_vitl14",
            "convnext_tiny",
            "efficientnet_b0"
          ],
          [
            "clip_vitl14",
            "dinov2_vits14",
            "efficientnet_b0",
            "resnet50"
          ],
          [
            "clip_vitl14",
            "dinov2_vits14",
            "efficientnet_b0",
            "resnet50"
          ]
        ]
      },
      "quality_gated_meff": {
        "mean": 0.3812487665258223,
        "sd": 0.11158192741928713,
        "median": 0.35767590618336886,
        "n_valid": 100,
        "ci95": [
          0.2376907276995305,
          0.6422402191675478
        ],
        "example_pools": [
          [
            "biomedclip",
            "convnext_tiny",
            "dinov2_vits14",
            "resnet18"
          ],
          [
            "biomedclip",
            "convnext_tiny",
            "dinov2_vitb14",
            "resnet50"
          ],
          [
            "convnext_tiny",
            "dinov2_vitb14",
            "resnet18",
            "resnet50"
          ]
        ]
      },
      "diverse_arch": {
        "mean": 0.44497123599696115,
        "sd": 0.03560912553240022,
        "median": 0.44779055690072644,
        "n_valid": 100,
        "ci95": [
          0.36031147540983605,
          0.5
        ],
        "example_pools": [
          [
            "biomedclip",
            "dinov2_vits14",
            "efficientnet_b0",
            "resnet50"
          ],
          [
            "dinov2_vits14",
            "biomedclip",
            "efficientnet_b0",
            "resnet50"
          ],
          [
            "biomedclip",
            "dinov2_vits14",
            "efficientnet_b0",
            "resnet50"
          ]
        ]
      }
    }
  }
}