{
  "hippocampus": {
    "diverse_grand_mean": 0.03842130519352989,
    "diverse_ci95": [
      0.02125402504472272,
      0.058164762897062953
    ],
    "mono_grand_mean": 0.051509445393459315,
    "mono_ci95": [
      0.03519474732553318,
      0.06952561294853547
    ],
    "delta_mean": -0.013088140199929424,
    "delta_ci95": [
      -0.03028805426145746,
      0.003026522798692273
    ],
    "N_cases": 130
  },
  "isic2018": {
    "diverse_grand_mean": 0.3584683563867994,
    "diverse_ci95": [
      0.30819007843078994,
      0.4103029378443496
    ],
    "mono_grand_mean": 0.08986894611281239,
    "mono_ci95": [
      0.05912629334972334,
      0.12563661568897408
    ],
    "delta_mean": 0.2685994102739871,
    "delta_ci95": [
      0.21248367238003427,
      0.33055515204514396
    ],
    "N_cases": 200
  }
}