{
  "task": "msd_hippocampus",
  "fm": "resnet18",
  "seed": 44,
  "n_test": 52,
  "test_ids": [
    "hippocampus_006",
    "hippocampus_014",
    "hippocampus_044",
    "hippocampus_060",
    "hippocampus_077",
    "hippocampus_088",
    "hippocampus_089",
    "hippocampus_092",
    "hippocampus_101",
    "hippocampus_114",
    "hippocampus_127",
    "hippocampus_136",
    "hippocampus_141",
    "hippocampus_143",
    "hippocampus_148",
    "hippocampus_149",
    "hippocampus_156",
    "hippocampus_157",
    "hippocampus_158",
    "hippocampus_163",
    "hippocampus_164",
    "hippocampus_181",
    "hippocampus_193",
    "hippocampus_197",
    "hippocampus_203",
    "hippocampus_215",
    "hippocampus_217",
    "hippocampus_222",
    "hippocampus_232",
    "hippocampus_251",
    "hippocampus_263",
    "hippocampus_265",
    "hippocampus_269",
    "hippocampus_294",
    "hippocampus_297",
    "hippocampus_298",
    "hippocampus_305",
    "hippocampus_308",
    "hippocampus_321",
    "hippocampus_331",
    "hippocampus_332",
    "hippocampus_352",
    "hippocampus_353",
    "hippocampus_355",
    "hippocampus_361",
    "hippocampus_373",
    "hippocampus_375",
    "hippocampus_376",
    "hippocampus_380",
    "hippocampus_387",
    "hippocampus_390",
    "hippocampus_393"
  ],
  "per_case_dice": [
    0.0,
    0.7740727663040161,
    0.8027374744415283,
    0.5480063557624817,
    0.44519469141960144,
    0.3714204728603363,
    0.7308464646339417,
    0.6062862873077393,
    0.7055908441543579,
    0.0,
    0.5919360518455505,
    0.0,
    0.4309491813182831,
    0.0,
    0.6823751330375671,
    0.36936110258102417,
    0.6469738483428955,
    0.7131215929985046,
    0.6527723073959351,
    0.45442572236061096,
    0.5468609929084778,
    0.7576114535331726,
    0.5021900534629822,
    0.5640887022018433,
    0.530682384967804,
    0.5734007358551025,
    0.5762644410133362,
    0.0,
    0.05234159901738167,
    0.7449478507041931,
    0.6726603507995605,
    0.7032250165939331,
    0.5402735471725464,
    0.671321451663971,
    0.7201902270317078,
    0.4593386948108673,
    0.46674519777297974,
    0.24936816096305847,
    0.6920475363731384,
    0.6495091319084167,
    0.4061974883079529,
    0.6142902970314026,
    0.0,
    0.05532879754900932,
    0.6784825921058655,
    0.455571711063385,
    0.6017122864723206,
    0.6390425562858582,
    0.0,
    0.7725268006324768,
    0.7357456088066101,
    0.650639533996582
  ],
  "mean_dice": 0.4963206946849823,
  "cache_manifest_sha256": "b952efab9edf780c4ec20dd32bfceb5b83f28352610d7d4bf91ff70f2ecfaa9a",
  "head_checkpoint_sha256": "d2c8d8a7f1a0ffed4b71476ec6c48526917941a4770797705cb4835550096b19",
  "training_elapsed_s": 10.929582595825195,
  "use_amp_bf16": true,
  "schema_version": "feat_cache_v1"
}