{
  "task": "msd_hippocampus",
  "fm": "resnet18",
  "seed": 43,
  "n_test": 52,
  "test_ids": [
    "hippocampus_006",
    "hippocampus_014",
    "hippocampus_044",
    "hippocampus_060",
    "hippocampus_077",
    "hippocampus_088",
    "hippocampus_089",
    "hippocampus_092",
    "hippocampus_101",
    "hippocampus_114",
    "hippocampus_127",
    "hippocampus_136",
    "hippocampus_141",
    "hippocampus_143",
    "hippocampus_148",
    "hippocampus_149",
    "hippocampus_156",
    "hippocampus_157",
    "hippocampus_158",
    "hippocampus_163",
    "hippocampus_164",
    "hippocampus_181",
    "hippocampus_193",
    "hippocampus_197",
    "hippocampus_203",
    "hippocampus_215",
    "hippocampus_217",
    "hippocampus_222",
    "hippocampus_232",
    "hippocampus_251",
    "hippocampus_263",
    "hippocampus_265",
    "hippocampus_269",
    "hippocampus_294",
    "hippocampus_297",
    "hippocampus_298",
    "hippocampus_305",
    "hippocampus_308",
    "hippocampus_321",
    "hippocampus_331",
    "hippocampus_332",
    "hippocampus_352",
    "hippocampus_353",
    "hippocampus_355",
    "hippocampus_361",
    "hippocampus_373",
    "hippocampus_375",
    "hippocampus_376",
    "hippocampus_380",
    "hippocampus_387",
    "hippocampus_390",
    "hippocampus_393"
  ],
  "per_case_dice": [
    0.0,
    0.7633846402168274,
    0.7955862283706665,
    0.22243142127990723,
    0.3748231828212738,
    0.3980090320110321,
    0.6984983086585999,
    0.5568222999572754,
    0.5971954464912415,
    0.0,
    0.1487545371055603,
    0.010791366919875145,
    0.4459790587425232,
    0.0,
    0.6491000652313232,
    0.2880394458770752,
    0.4755011200904846,
    0.7977628707885742,
    0.35073378682136536,
    0.4254942536354065,
    0.6047912240028381,
    0.7380393147468567,
    0.45924314856529236,
    0.6266233921051025,
    0.2050640881061554,
    0.5302004218101501,
    0.4428637623786926,
    0.0,
    0.0,
    0.7128713130950928,
    0.6794593334197998,
    0.5386132597923279,
    0.44011369347572327,
    0.49608197808265686,
    0.7086367011070251,
    0.5337519645690918,
    0.31462353467941284,
    0.28999340534210205,
    0.7253647446632385,
    0.678850531578064,
    0.5776320099830627,
    0.5891899466514587,
    0.0,
    0.0,
    0.6955595016479492,
    0.2227102369070053,
    0.5519501566886902,
    0.5670526027679443,
    0.0,
    0.7096623778343201,
    0.7298975586891174,
    0.5480213165283203
  ],
  "mean_dice": 0.4406878650188446,
  "cache_manifest_sha256": "b952efab9edf780c4ec20dd32bfceb5b83f28352610d7d4bf91ff70f2ecfaa9a",
  "head_checkpoint_sha256": "d96840b42cd19524f5afc23036b1943b63db9765dca422a9fd3565b70533781f",
  "training_elapsed_s": 11.797942638397217,
  "use_amp_bf16": true,
  "schema_version": "feat_cache_v1"
}