{
  "target": "acdc",
  "mono_fm": "dinov2_vitb14",
  "N": 90,
  "M_matched": 4,
  "top_M_fms": [
    "dinov2_vitb14",
    "dinov2_vits14",
    "biomedclip",
    "convnext_tiny"
  ],
  "full_pool_fms": [
    "biomedclip",
    "dinov2_vitb14",
    "dinov2_vits14",
    "convnext_tiny",
    "efficientnet_b0"
  ],
  "thresholds": {
    "0.5": {
      "threshold": 0.5,
      "N_cases": 90,
      "mono": {
        "lift": 2149.2221033868095,
        "lift_ci_logpercentile": [
          462.27804616210403,
          34448.95999999996
        ],
        "af_obs_raw": 0.05555555555555555,
        "af_count": 5,
        "af_exp": 2.8121598202585923e-05,
        "support_ok": false
      },
      "full_pool_seed42": {
        "lift": 408.28226118246386,
        "lift_ci_logpercentile": [
          97.48554092225237,
          2423.9258792129963
        ],
        "af_obs_raw": 0.022222222222222223,
        "af_count": 2,
        "af_exp": 6.728807514919153e-05,
        "M": 5,
        "FMs": [
          "biomedclip",
          "dinov2_vitb14",
          "dinov2_vits14",
          "convnext_tiny",
          "efficientnet_b0"
        ]
      },
      "matched_M_seed42_asym": {
        "lift": 199.65451233647957,
        "lift_ci_logpercentile": [
          50.548791008577375,
          1026.3321034340795
        ],
        "af_obs_raw": 0.022222222222222223,
        "af_count": 2,
        "af_exp": 0.00013760033345115572,
        "M": 4,
        "FMs": [
          "dinov2_vitb14",
          "dinov2_vits14",
          "biomedclip",
          "convnext_tiny"
        ]
      },
      "matched_M_sym_aligned": {
        "lift_geomean": 192.43479881065068,
        "lift_arith_mean": 194.17113599969082,
        "lift_ci_logpercentile": [
          65.13059041251066,
          834.4309235615162
        ],
        "af_obs_mean": 0.03571428571428571,
        "af_exp_mean": 0.00019104823114664255,
        "af_count_mean": 2.75,
        "support_ok": false,
        "n_tuples": 4
      },
      "matched_M_sym_permuted_PRIMARY": {
        "lift_geomean": 187.8116444484144,
        "lift_arith_mean": 193.00435909008038,
        "lift_ci_logpercentile": [
          61.78906417407791,
          817.3172112077109
        ],
        "af_obs_mean": 0.03434065934065934,
        "af_exp_mean": 0.00018803571272416278,
        "af_count_mean": 2.625,
        "support_ok": false,
        "n_tuples": 24,
        "per_tuple_log_lifts": [
          5.046262148580372,
          5.04819265111043,
          5.370354584727993,
          5.179299347965284,
          5.338093722509772,
          5.481580219838218,
          5.197742599851752,
          4.8632008657605965,
          5.6330606711095985,
          5.205616656282658,
          5.600799808891377,
          5.507897528155592,
          5.060199656424153,
          4.869144419661444,
          5.171425291534378,
          5.080453513328653,
          5.606743362792223,
          5.370354584727993,
          4.929092959569301,
          5.072579456897746,
          5.29163302296043,
          4.947416313943741,
          5.507897528155592,
          5.271508750091362
        ]
      },
      "matched_M_sym_independent": {
        "lift_geomean": 189.6628429585698,
        "lift_arith_mean": 194.08971244095264,
        "lift_ci_logpercentile": [
          63.20366038326615,
          828.2348070500232
        ],
        "af_obs_mean": 0.034855769230769225,
        "af_exp_mean": 0.0001889856502251602,
        "af_count_mean": 2.671875,
        "support_ok": false,
        "n_tuples": 256
      },
      "ratio_mono_over_matched_permuted": 11.443497604735201,
      "ratio_mono_over_full_pool_seed42": 5.264059469941823
    },
    "0.6": {
      "threshold": 0.6,
      "N_cases": 90,
      "mono": {
        "lift": 599.797831061586,
        "lift_ci_logpercentile": [
          151.84927331805244,
          4529.352366641627
        ],
        "af_obs_raw": 0.1,
        "af_count": 9,
        "af_exp": 0.00017405132027709065,
        "support_ok": false
      },
      "full_pool_seed42": {
        "lift": 161.62673109348702,
        "lift_ci_logpercentile": [
          60.66883539825529,
          587.409965892108
        ],
        "af_obs_raw": 0.05555555555555555,
        "af_count": 5,
        "af_exp": 0.00037394532470375465,
        "M": 5,
        "FMs": [
          "biomedclip",
          "dinov2_vitb14",
          "dinov2_vits14",
          "convnext_tiny",
          "efficientnet_b0"
        ]
      },
      "matched_M_seed42_asym": {
        "lift": 91.47007309136904,
        "lift_ci_logpercentile": [
          38.85473519419754,
          287.5151636028654
        ],
        "af_obs_raw": 0.05555555555555555,
        "af_count": 5,
        "af_exp": 0.0006607577582144013,
        "M": 4,
        "FMs": [
          "dinov2_vitb14",
          "dinov2_vits14",
          "biomedclip",
          "convnext_tiny"
        ]
      },
      "matched_M_sym_aligned": {
        "lift_geomean": 77.83615376674896,
        "lift_arith_mean": 78.46686207643415,
        "lift_ci_logpercentile": [
          32.37782404101289,
          244.05410812852318
        ],
        "af_obs_mean": 0.05219780219780219,
        "af_exp_mean": 0.0006736113929397642,
        "af_count_mean": 4.25,
        "support_ok": false,
        "n_tuples": 4
      },
      "matched_M_sym_permuted_PRIMARY": {
        "lift_geomean": 80.84491707605285,
        "lift_arith_mean": 81.50987923325623,
        "lift_ci_logpercentile": [
          33.43770452310235,
          244.85025016858827
        ],
        "af_obs_mean": 0.05494505494505494,
        "af_exp_mean": 0.0006764358568136845,
        "af_count_mean": 4.5,
        "support_ok": false,
        "n_tuples": 24,
        "per_tuple_log_lifts": [
          4.2576019749548575,
          4.182566789011943,
          4.2327699992536765,
          4.460218196322499,
          4.366031856507977,
          4.532713698360654,
          4.434271518317465,
          4.359236332374551,
          4.378186999112179,
          4.520477387840697,
          4.375647315207418,
          4.50871254626111,
          4.340983583893908,
          4.43263023980367,
          4.089669155613002,
          4.231959544341519,
          4.415424611837553,
          4.415424611837553,
          4.442617941313602,
          4.551729931344802,
          4.275563856650436,
          4.408629087704128,
          4.603858996779748,
          4.603858996779748
        ]
      },
      "matched_M_sym_independent": {
        "lift_geomean": 80.09670830787914,
        "lift_arith_mean": 80.77916029817675,
        "lift_ci_logpercentile": [
          32.97553467032563,
          244.692025503722
        ],
        "af_obs_mean": 0.05425824175824176,
        "af_exp_mean": 0.0006755909784622407,
        "af_count_mean": 4.4375,
        "support_ok": false,
        "n_tuples": 256
      },
      "ratio_mono_over_matched_permuted": 7.419116164066827,
      "ratio_mono_over_full_pool_seed42": 3.711006384919429
    },
    "0.7": {
      "threshold": 0.7,
      "N_cases": 90,
      "mono": {
        "lift": 189.19353792615274,
        "lift_ci_logpercentile": [
          55.582764138579336,
          1063.826532363417
        ],
        "af_obs_raw": 0.14444444444444443,
        "af_count": 13,
        "af_exp": 0.0007841264029300722,
        "support_ok": false
      },
      "full_pool_seed42": {
        "lift": 44.00456072317999,
        "lift_ci_logpercentile": [
          21.17413433807654,
          113.8859473772677
        ],
        "af_obs_raw": 0.1111111111111111,
        "af_count": 10,
        "af_exp": 0.0026221058337672484,
        "M": 5,
        "FMs": [
          "biomedclip",
          "dinov2_vitb14",
          "dinov2_vits14",
          "convnext_tiny",
          "efficientnet_b0"
        ]
      },
      "matched_M_seed42_asym": {
        "lift": 31.190045787308904,