{
  "target": "disc",
  "mono_fm": "dinov2_vitb14",
  "N": 224,
  "M_matched": 4,
  "top_M_fms": [
    "biomedclip",
    "dinov2_vitb14",
    "dinov2_vits14",
    "convnext_tiny"
  ],
  "full_pool_fms": [
    "biomedclip",
    "dinov2_vitb14",
    "dinov2_vits14",
    "clip_vitl14",
    "convnext_tiny",
    "efficientnet_b0",
    "resnet50",
    "resnet18"
  ],
  "thresholds": {
    "0.6": {
      "threshold": 0.6,
      "N_cases": 224,
      "mono": {
        "lift": 91124999.99999999,
        "lift_ci_logpercentile": [
          91125000.0000001,
          91125000.0000001
        ],
        "af_obs_raw": 0.0,
        "af_count": 0,
        "af_exp": 2.4386526444139615e-11,
        "support_ok": false
      },
      "full_pool_seed42": {
        "lift": 3321506250000000.0,
        "lift_ci_logpercentile": [
          954382795243124.9,
          3.774438920454548e+16
        ],
        "af_obs_raw": 0.0,
        "af_count": 0,
        "af_exp": 6.690405060120608e-19,
        "M": 8,
        "FMs": [
          "biomedclip",
          "dinov2_vitb14",
          "dinov2_vits14",
          "clip_vitl14",
          "convnext_tiny",
          "efficientnet_b0",
          "resnet50",
          "resnet18"
        ]
      },
      "matched_M_seed42_asym": {
        "lift": 91124999.99999999,
        "lift_ci_logpercentile": [
          91125000.0000001,
          91125000.0000001
        ],
        "af_obs_raw": 0.0,
        "af_count": 0,
        "af_exp": 2.4386526444139615e-11,
        "M": 4,
        "FMs": [
          "biomedclip",
          "dinov2_vitb14",
          "dinov2_vits14",
          "convnext_tiny"
        ]
      },
      "matched_M_sym_aligned": {
        "lift_geomean": 91125000.0000001,
        "lift_arith_mean": 91124999.99999999,
        "lift_ci_logpercentile": [
          91125000.0000001,
          91125000.0000001
        ],
        "af_obs_mean": 0.0022222222222222222,
        "af_exp_mean": 2.4386526444139615e-11,
        "af_count_mean": 0.0,
        "support_ok": false,
        "n_tuples": 4
      },
      "matched_M_sym_permuted_PRIMARY": {
        "lift_geomean": 91125000.0000001,
        "lift_arith_mean": 91124999.99999999,
        "lift_ci_logpercentile": [
          91125000.0000001,
          91125000.0000001
        ],
        "af_obs_mean": 0.0022222222222222222,
        "af_exp_mean": 2.4386526444139615e-11,
        "af_count_mean": 0.0,
        "support_ok": false,
        "n_tuples": 24,
        "per_tuple_log_lifts": [
          18.327742748293097,
          18.327742748293097,
          18.327742748293097,
          18.327742748293097,
          18.327742748293097,
          18.327742748293097,
          18.327742748293097,
          18.327742748293097,
          18.327742748293097,
          18.327742748293097,
          18.327742748293097,
          18.327742748293097,
          18.327742748293097,
          18.327742748293097,
          18.327742748293097,
          18.327742748293097,
          18.327742748293097,
          18.327742748293097,
          18.327742748293097,
          18.327742748293097,
          18.327742748293097,
          18.327742748293097,
          18.327742748293097,
          18.327742748293097
        ]
      },
      "matched_M_sym_independent": {
        "lift_geomean": 91125000.0000001,
        "lift_arith_mean": 91124999.99999999,
        "lift_ci_logpercentile": [
          91125000.0000001,
          91125000.0000001
        ],
        "af_obs_mean": 0.0022222222222222222,
        "af_exp_mean": 2.4386526444139615e-11,
        "af_count_mean": 0.0,
        "support_ok": false,
        "n_tuples": 256
      },
      "ratio_mono_over_matched_permuted": 0.9999999999999987,
      "ratio_mono_over_full_pool_seed42": 2.743484224965706e-08
    },
    "0.7": {
      "threshold": 0.7,
      "N_cases": 224,
      "mono": {
        "lift": 91124999.99999999,
        "lift_ci_logpercentile": [
          91125000.0000001,
          91125000.0000001
        ],
        "af_obs_raw": 0.0,
        "af_count": 0,
        "af_exp": 2.4386526444139615e-11,
        "support_ok": false
      },
      "full_pool_seed42": {
        "lift": 27320410689609.785,
        "lift_ci_logpercentile": [
          5500053986699.114,
          328541151327563.44
        ],
        "af_obs_raw": 0.0,
        "af_count": 0,
        "af_exp": 8.133926855892231e-17,
        "M": 8,
        "FMs": [
          "biomedclip",
          "dinov2_vitb14",
          "dinov2_vits14",
          "clip_vitl14",
          "convnext_tiny",
          "efficientnet_b0",
          "resnet50",
          "resnet18"
        ]
      },
      "matched_M_seed42_asym": {
        "lift": 91124999.99999999,
        "lift_ci_logpercentile": [
          91125000.0000001,
          91125000.0000001
        ],
        "af_obs_raw": 0.0,
        "af_count": 0,
        "af_exp": 2.4386526444139615e-11,
        "M": 4,
        "FMs": [
          "biomedclip",
          "dinov2_vitb14",
          "dinov2_vits14",
          "convnext_tiny"
        ]
      },
      "matched_M_sym_aligned": {
        "lift_geomean": 91125000.0000001,
        "lift_arith_mean": 91124999.99999999,
        "lift_ci_logpercentile": [
          91125000.0000001,
          91125000.0000001
        ],
        "af_obs_mean": 0.0022222222222222222,
        "af_exp_mean": 2.4386526444139615e-11,
        "af_count_mean": 0.0,
        "support_ok": false,
        "n_tuples": 4
      },
      "matched_M_sym_permuted_PRIMARY": {
        "lift_geomean": 91125000.0000001,
        "lift_arith_mean": 91124999.99999999,
        "lift_ci_logpercentile": [
          91125000.0000001,
          91125000.0000001
        ],
        "af_obs_mean": 0.0022222222222222222,
        "af_exp_mean": 2.4386526444139615e-11,
        "af_count_mean": 0.0,
        "support_ok": false,
        "n_tuples": 24,
        "per_tuple_log_lifts": [
          18.327742748293097,
          18.327742748293097,
          18.327742748293097,
          18.327742748293097,
          18.327742748293097,
          18.327742748293097,
          18.327742748293097,
          18.327742748293097,
          18.327742748293097,
          18.327742748293097,
          18.327742748293097,
          18.327742748293097,
          18.327742748293097,
          18.327742748293097,
          18.327742748293097,
          18.327742748293097,
          18.327742748293097,
          18.327742748293097,
          18.327742748293097,
          18.327742748293097,
          18.327742748293097,
          18.327742748293097,
          18.327742748293097,
          18.327742748293097
        ]
      },
      "matched_M_sym_independent": {
        "lift_geomean": 91125000.0000001,
        "lift_arith_mean": 91124999.99999999,
        "lift_ci_logpercentile": [
          91125000.0000001,
          91125000.0000001
        ],
        "af_obs_mean": 0.0022222222222222222,
        "af_exp_mean": 2.4386526444139615e-11,
        "af_count_mean": 0.0,
        "support_ok": false,
        "n_tuples": 256
      },
      "ratio_mono_over_matched_permuted": 0.9999999999999987,
      "ratio_mono_over_full_pool_seed42": 3.3354183813443074e-06
    },
    "0.8": {
      "threshold": 0.8,
      "N_cases": 224,
      "mono": {
        "lift": 91124999.99999999,
        "lift_ci_logpercentile": [
          91125000.0000001,
          91125000.0000001
        ],
        "af_obs_raw": 0.0,
        "af_count": 0,
        "af_exp": 2.4386526444139615e-11,
        "support_ok": false
      },
      "full_pool_seed42": {
        "lift": 238131533101.04526,
        "lift_ci_logpercentile": [
          103594944842.40773,
          1028021380482.5164
        ],
        "af_obs_raw": 0.0,
        "af_count": 0,
        "af_exp": 9.331910785957427e-15,
        "M": 8,