{
  "target": "cup",
  "mono_fm": "dinov2_vitb14",
  "N": 224,
  "M_matched": 4,
  "top_M_fms": [
    "biomedclip",
    "dinov2_vitb14",
    "dinov2_vits14",
    "efficientnet_b0"
  ],
  "full_pool_fms": [
    "biomedclip",
    "dinov2_vitb14",
    "dinov2_vits14",
    "clip_vitl14",
    "convnext_tiny",
    "efficientnet_b0",
    "resnet50",
    "resnet18"
  ],
  "thresholds": {
    "0.5": {
      "threshold": 0.5,
      "N_cases": 224,
      "mono": {
        "lift": 30374999.999999996,
        "lift_ci_logpercentile": [
          13017857.142857132,
          91125000.0000001
        ],
        "af_obs_raw": 0.0,
        "af_count": 0,
        "af_exp": 7.315957933241885e-11,
        "support_ok": false
      },
      "full_pool_seed42": {
        "lift": 1727264735.441159,
        "lift_ci_logpercentile": [
          128258379.52214542,
          81191255326.34367
        ],
        "af_obs_raw": 0.0,
        "af_count": 0,
        "af_exp": 1.2865556603022098e-12,
        "M": 8,
        "FMs": [
          "biomedclip",
          "dinov2_vitb14",
          "dinov2_vits14",
          "clip_vitl14",
          "convnext_tiny",
          "efficientnet_b0",
          "resnet50",
          "resnet18"
        ]
      },
      "matched_M_seed42_asym": {
        "lift": 675000.0,
        "lift_ci_logpercentile": [
          80704.41916841244,
          13017857.142857132
        ],
        "af_obs_raw": 0.0,
        "af_count": 0,
        "af_exp": 3.292181069958848e-09,
        "M": 4,
        "FMs": [
          "biomedclip",
          "dinov2_vitb14",
          "dinov2_vits14",
          "efficientnet_b0"
        ]
      },
      "matched_M_sym_aligned": {
        "lift_geomean": 1491266.624880194,
        "lift_arith_mean": 2183823.529411765,
        "lift_ci_logpercentile": [
          440134.1820901036,
          10781548.707630562
        ],
        "af_obs_mean": 0.0022222222222222222,
        "af_exp_mean": 2.024081694863588e-09,
        "af_count_mean": 0.0,
        "support_ok": false,
        "n_tuples": 4
      },
      "matched_M_sym_permuted_PRIMARY": {
        "lift_geomean": 1491266.6248801965,
        "lift_arith_mean": 2025000.0,
        "lift_ci_logpercentile": [
          440134.18209010444,
          10781548.707630562
        ],
        "af_obs_mean": 0.0022222222222222222,
        "af_exp_mean": 2.1216278006401468e-09,
        "af_count_mean": 0.0,
        "support_ok": false,
        "n_tuples": 24,
        "per_tuple_log_lifts": [
          15.619692547190887,
          14.395917115568771,
          14.521080258522776,
          14.521080258522776,
          14.395917115568771,
          15.619692547190887,
          14.521080258522776,
          13.29730482690066,
          14.521080258522776,
          14.521080258522776,
          14.395917115568771,
          15.619692547190887,
          13.422467969854669,
          13.422467969854669,
          14.521080258522776,
          14.521080258522776,
          14.521080258522776,
          14.521080258522776,
          12.198692538232553,
          13.422467969854669,
          13.29730482690066,
          14.521080258522776,
          13.422467969854669,
          13.422467969854669
        ]
      },
      "matched_M_sym_independent": {
        "lift_geomean": 1491266.624880194,
        "lift_arith_mean": 2047334.5588235294,
        "lift_ci_logpercentile": [
          440134.182090106,
          10781548.707630562
        ],
        "af_obs_mean": 0.0022222222222222222,
        "af_exp_mean": 2.1262002743484224e-09,
        "af_count_mean": 0.0,
        "support_ok": false,
        "n_tuples": 256
      },
      "ratio_mono_over_matched_permuted": 20.368591030755635,
      "ratio_mono_over_full_pool_seed42": 0.01758560768175583
    },
    "0.6": {
      "threshold": 0.6,
      "N_cases": 224,
      "mono": {
        "lift": 3374999.999999999,
        "lift_ci_logpercentile": [
          265670.55393585976,
          91125000.0000001
        ],
        "af_obs_raw": 0.004464285714285714,
        "af_count": 1,
        "af_exp": 1.9753086419753094e-09,
        "support_ok": false
      },
      "full_pool_seed42": {
        "lift": 41579667.43201702,
        "lift_ci_logpercentile": [
          5848603.790897724,
          1225969068.9159472
        ],
        "af_obs_raw": 0.004464285714285714,
        "af_count": 1,
        "af_exp": 1.6033477606733394e-10,
        "M": 8,
        "FMs": [
          "biomedclip",
          "dinov2_vitb14",
          "dinov2_vits14",
          "clip_vitl14",
          "convnext_tiny",
          "efficientnet_b0",
          "resnet50",
          "resnet18"
        ]
      },
      "matched_M_seed42_asym": {
        "lift": 160714.2857142857,
        "lift_ci_logpercentile": [
          30344.655344655348,
          3644999.9999999967
        ],
        "af_obs_raw": 0.004464285714285714,
        "af_count": 1,
        "af_exp": 4.148148148148148e-08,
        "M": 4,
        "FMs": [
          "biomedclip",
          "dinov2_vitb14",
          "dinov2_vits14",
          "efficientnet_b0"
        ]
      },
      "matched_M_sym_aligned": {
        "lift_geomean": 150310.20243249708,
        "lift_arith_mean": 153826.53061224488,
        "lift_ci_logpercentile": [
          29203.235944068958,
          3515643.4839179255
        ],
        "af_obs_mean": 0.006666666666666667,
        "af_exp_mean": 4.5322359396433474e-08,
        "af_count_mean": 1.0,
        "support_ok": false,
        "n_tuples": 4
      },
      "matched_M_sym_permuted_PRIMARY": {
        "lift_geomean": 150310.20243249735,
        "lift_arith_mean": 153826.53061224488,
        "lift_ci_logpercentile": [
          29203.235944068958,
          3515643.4839179255
        ],
        "af_obs_mean": 0.006666666666666667,
        "af_exp_mean": 4.532235939643348e-08,
        "af_count_mean": 1.0,
        "support_ok": false,
        "n_tuples": 24,
        "per_tuple_log_lifts": [
          11.727872249080258,
          11.727872249080258,
          11.727872249080258,
          12.23869787284625,
          11.727872249080258,
          12.23869787284625,
          11.727872249080258,
          11.727872249080258,
          11.727872249080258,
          11.987383444565344,
          11.727872249080258,
          11.987383444565344,
          11.727872249080258,
          12.23869787284625,
          11.727872249080258,
          11.987383444565344,
          12.23869787284625,
          11.987383444565344,
          11.727872249080258,
          12.23869787284625,
          11.727872249080258,
          11.987383444565344,
          12.23869787284625,
          11.987383444565344
        ]
      },
      "matched_M_sym_independent": {
        "lift_geomean": 150310.20243249708,
        "lift_arith_mean": 153826.5306122449,
        "lift_ci_logpercentile": [
          29203.23594406901,
          3515643.483917938
        ],
        "af_obs_mean": 0.006666666666666667,
        "af_exp_mean": 4.532235939643348e-08,
        "af_count_mean": 1.0,
        "support_ok": false,
        "n_tuples": 256
      },
      "ratio_mono_over_matched_permuted": 22.4535656620892,
      "ratio_mono_over_full_pool_seed42": 0.08116948038408778
    },
    "0.7": {
      "threshold": 0.7,
      "N_cases": 224,
      "mono": {
        "lift": 520714.28571428574,
        "lift_ci_logpercentile": [
          50206.61157024796,
          91125000.0000001
        ],
        "af_obs_raw": 0.008928571428571428,
        "af_count": 2,
        "af_exp": 2.133821063862216e-08,
        "support_ok": false
      },
      "full_pool_seed42": {
        "lift": 198187.6890654148,
        "lift_ci_logpercentile": [
          31782.05146889032,
          4319278.872794478
        ],
        "af_obs_raw": 0.004464285714285714,
        "af_count": 1,
        "af_exp": 3.3638147243677857e-08,
        "M": 8,