{
  "target": "kvasir",
  "mono_fm": "dinov2_vitb14",
  "N": 300,
  "M_matched": 4,
  "top_M_fms": [
    "dinov2_vitb14",
    "dinov2_vits14",
    "biomedclip",
    "convnext_tiny"
  ],
  "full_pool_fms": [
    "biomedclip",
    "dinov2_vitb14",
    "dinov2_vits14",
    "convnext_tiny",
    "efficientnet_b0",
    "resnet50",
    "resnet18"
  ],
  "thresholds": {
    "0.5": {
      "threshold": 0.5,
      "N_cases": 300,
      "mono": {
        "lift": 1811.408037825059,
        "lift_ci_logpercentile": [
          683.5402110302222,
          6541.64025648709
        ],
        "af_obs_raw": 0.06,
        "af_count": 18,
        "af_exp": 3.393039709249064e-05,
        "support_ok": false
      },
      "full_pool_seed42": {
        "lift": 2127.5972766219406,
        "lift_ci_logpercentile": [
          814.5204357052536,
          5661.294474666229
        ],
        "af_obs_raw": 0.02666666666666667,
        "af_count": 8,
        "af_exp": 1.3272813876996338e-05,
        "M": 7,
        "FMs": [
          "biomedclip",
          "dinov2_vitb14",
          "dinov2_vits14",
          "convnext_tiny",
          "efficientnet_b0",
          "resnet50",
          "resnet18"
        ]
      },
      "matched_M_seed42_asym": {
        "lift": 145.00717368315756,
        "lift_ci_logpercentile": [
          72.27472645764287,
          302.66120754954125
        ],
        "af_obs_raw": 0.03333333333333333,
        "af_count": 10,
        "af_exp": 0.00024056548406669806,
        "M": 4,
        "FMs": [
          "dinov2_vitb14",
          "dinov2_vits14",
          "biomedclip",
          "convnext_tiny"
        ]
      },
      "matched_M_sym_aligned": {
        "lift_geomean": 153.7975148139321,
        "lift_arith_mean": 154.84744669267923,
        "lift_ci_logpercentile": [
          81.37674030363172,
          302.1886488701584
        ],
        "af_obs_mean": 0.03820598006644518,
        "af_exp_mean": 0.00024968666171162223,
        "af_count_mean": 11.0,
        "support_ok": false,
        "n_tuples": 4
      },
      "matched_M_sym_permuted_PRIMARY": {
        "lift_geomean": 150.5221725823835,
        "lift_arith_mean": 152.18277870147145,
        "lift_ci_logpercentile": [
          79.3572768328395,
          298.31690612187873
        ],
        "af_obs_mean": 0.037513842746400884,
        "af_exp_mean": 0.00024997823047007286,
        "af_count_mean": 10.791666666666666,
        "support_ok": false,
        "n_tuples": 24,
        "per_tuple_log_lifts": [
          5.208120746577245,
          5.014365395765088,
          5.192334557394972,
          5.040481462131458,
          5.16818147539421,
          5.1331226898067275,
          4.745663203176786,
          4.628868893500757,
          5.053651496794174,
          4.948519875631826,
          5.0219082455267365,
          5.141244561864076,
          4.925912833818845,
          4.774059738555334,
          5.0586320798557995,
          4.984213045380979,
          4.98363402308528,
          5.221410733949153,
          4.888178752615003,
          4.853119967027521,
          5.020897998651957,
          5.063273273853168,
          5.0610248020879265,
          5.207829734746072
        ]
      },
      "matched_M_sym_independent": {
        "lift_geomean": 151.23888036424765,
        "lift_arith_mean": 152.56829241447394,
        "lift_ci_logpercentile": [
          80.0524041669619,
          299.90580526828865
        ],
        "af_obs_mean": 0.037634966777408636,
        "af_exp_mean": 0.00024991858857942767,
        "af_count_mean": 10.828125,
        "support_ok": false,
        "n_tuples": 256
      },
      "ratio_mono_over_matched_permuted": 12.034160859813811,
      "ratio_mono_over_full_pool_seed42": 0.8513867063700579
    },
    "0.6": {
      "threshold": 0.6,
      "N_cases": 300,
      "mono": {
        "lift": 685.9207061232997,
        "lift_ci_logpercentile": [
          309.510833711849,
          1880.4375234457555
        ],
        "af_obs_raw": 0.08333333333333333,
        "af_count": 25,
        "af_exp": 0.00012350933164305622,
        "support_ok": false
      },
      "full_pool_seed42": {
        "lift": 497.4757117698187,
        "lift_ci_logpercentile": [
          236.09566907927544,
          1087.6647514383035
        ],
        "af_obs_raw": 0.05333333333333334,
        "af_count": 16,
        "af_exp": 0.00011019085846923152,
        "M": 7,
        "FMs": [
          "biomedclip",
          "dinov2_vitb14",
          "dinov2_vits14",
          "convnext_tiny",
          "efficientnet_b0",
          "resnet50",
          "resnet18"
        ]
      },
      "matched_M_seed42_asym": {
        "lift": 70.04368952047831,
        "lift_ci_logpercentile": [
          40.86356413595162,
          125.84936185546007
        ],
        "af_obs_raw": 0.06333333333333334,
        "af_count": 19,
        "af_exp": 0.0009249092045216379,
        "M": 4,
        "FMs": [
          "dinov2_vitb14",
          "dinov2_vits14",
          "biomedclip",
          "convnext_tiny"
        ]
      },
      "matched_M_sym_aligned": {
        "lift_geomean": 69.49496838768748,
        "lift_arith_mean": 69.73061025236153,
        "lift_ci_logpercentile": [
          42.094107561182085,
          122.59863351163929
        ],
        "af_obs_mean": 0.06478405315614617,
        "af_exp_mean": 0.0009355363021525023,
        "af_count_mean": 19.0,
        "support_ok": false,
        "n_tuples": 4
      },
      "matched_M_sym_permuted_PRIMARY": {
        "lift_geomean": 70.5058654692873,
        "lift_arith_mean": 70.80263646998121,
        "lift_ci_logpercentile": [
          42.562275242322976,
          124.34191302160386
        ],
        "af_obs_mean": 0.06589147286821705,
        "af_exp_mean": 0.0009385559388812526,
        "af_count_mean": 19.333333333333332,
        "support_ok": false,
        "n_tuples": 24,
        "per_tuple_log_lifts": [
          4.170499961824871,
          4.252185534562081,
          4.296185527406909,
          4.3698462001634635,
          4.275689380837774,
          4.308111170437707,
          4.162630552730809,
          4.151225702402007,
          4.262389450916713,
          4.334921037967779,
          4.289521353336832,
          4.375840162302106,
          4.180975582207937,
          4.246694452798934,
          4.099479063656993,
          4.172010650708058,
          4.23972358518059,
          4.3941851917792345,
          4.111659240988429,
          4.196724764073785,
          4.178822996658308,
          4.269689852121486,
          4.344111711248944,
          4.4535785817690945
        ]
      },
      "matched_M_sym_independent": {
        "lift_geomean": 70.1710582660943,
        "lift_arith_mean": 70.44421257725924,
        "lift_ci_logpercentile": [
          42.43974226691414,
          124.04467777339116
        ],
        "af_obs_mean": 0.06556270764119601,
        "af_exp_mean": 0.0009377928836490102,
        "af_count_mean": 19.234375,
        "support_ok": false,
        "n_tuples": 256
      },
      "ratio_mono_over_matched_permuted": 9.72856231971353,
      "ratio_mono_over_full_pool_seed42": 1.3788024015947824
    },
    "0.7": {
      "threshold": 0.7,
      "N_cases": 300,
      "mono": {
        "lift": 246.4873749442157,
        "lift_ci_logpercentile": [
          127.75282231970051,
          569.7593967528303
        ],
        "af_obs_raw": 0.12666666666666668,
        "af_count": 38,
        "af_exp": 0.0005189189781956726,
        "support_ok": false
      },
      "full_pool_seed42": {
        "lift": 119.85370900838628,
        "lift_ci_logpercentile": [
          68.36635613736033,
          224.05864965242594
        ],
        "af_obs_raw": 0.11333333333333333,
        "af_count": 34,
        "af_exp": 0.0009563153376531354,
        "M": 7,