{
  "task": "msd_hippocampus",
  "fm": "resnet50",
  "seed": 44,
  "n_test": 52,
  "test_ids": [
    "hippocampus_006",
    "hippocampus_014",
    "hippocampus_044",
    "hippocampus_060",
    "hippocampus_077",
    "hippocampus_088",
    "hippocampus_089",
    "hippocampus_092",
    "hippocampus_101",
    "hippocampus_114",
    "hippocampus_127",
    "hippocampus_136",
    "hippocampus_141",
    "hippocampus_143",
    "hippocampus_148",
    "hippocampus_149",
    "hippocampus_156",
    "hippocampus_157",
    "hippocampus_158",
    "hippocampus_163",
    "hippocampus_164",
    "hippocampus_181",
    "hippocampus_193",
    "hippocampus_197",
    "hippocampus_203",
    "hippocampus_215",
    "hippocampus_217",
    "hippocampus_222",
    "hippocampus_232",
    "hippocampus_251",
    "hippocampus_263",
    "hippocampus_265",
    "hippocampus_269",
    "hippocampus_294",
    "hippocampus_297",
    "hippocampus_298",
    "hippocampus_305",
    "hippocampus_308",
    "hippocampus_321",
    "hippocampus_331",
    "hippocampus_332",
    "hippocampus_352",
    "hippocampus_353",
    "hippocampus_355",
    "hippocampus_361",
    "hippocampus_373",
    "hippocampus_375",
    "hippocampus_376",
    "hippocampus_380",
    "hippocampus_387",
    "hippocampus_390",
    "hippocampus_393"
  ],
  "per_case_dice": [
    0.7205806374549866,
    0.772286593914032,
    0.8452380895614624,
    0.0,
    0.5150721073150635,
    0.6149446368217468,
    0.5975557565689087,
    0.5275450348854065,
    0.7551356554031372,
    0.7564058899879456,
    0.7843437194824219,
    0.4681898057460785,
    0.760377049446106,
    0.0038022813387215137,
    0.7856466770172119,
    0.0,
    0.6655457615852356,
    0.7486142516136169,
    0.0,
    0.5176166892051697,
    0.8499669432640076,
    0.661427915096283,
    0.7213039398193359,
    0.7254824638366699,
    0.8332797884941101,
    0.5764214992523193,
    0.6248045563697815,
    0.0,
    0.3026118278503418,
    0.6174750328063965,
    0.7626819014549255,
    0.6747317910194397,
    0.4971008896827698,
    0.6400094628334045,
    0.7288216948509216,
    0.5849100351333618,
    0.5231170058250427,
    0.5831174254417419,
    0.7832964062690735,
    0.7103332877159119,
    0.5673427581787109,
    0.7621791362762451,
    0.23885110020637512,
    0.0018665422685444355,
    0.7544488906860352,
    0.7090251445770264,
    0.0,
    0.0,
    0.6021544933319092,
    0.7288945317268372,
    0.7465577721595764,
    0.58170485496521
  ],
  "mean_dice": 0.5564003586769104,
  "cache_manifest_sha256": "4959e799eeba7d986feba094d5cdaeb718c55a397d9bfad07f4428a72fcc36f5",
  "head_checkpoint_sha256": "42b8f05bcbe887e7627c985e0f60d6b808335948ec5cd758de14834253136f24",
  "training_elapsed_s": 11.55372428894043,
  "use_amp_bf16": true,
  "schema_version": "feat_cache_v1"
}